<?xml version='1.0' encoding='utf-8'?>
<!DOCTYPE hibernate-configuration PUBLIC
"-//Hibernate/Hibernate Configuration DTD//EN"
"http://hibernate.sourceforge.net/hibernate-configuration-3.0.dtd">

<hibernate-configuration>
	<session-factory>
		<property name="hibernate.connection.driver_class">
			oracle.jdbc.driver.OracleDriver</property>
		<property name="hibernate.connection.url">
			jdbc:oracle:thin:@172.25.229.141:1521:xe</property>
		<property name="hibernate.connection.username">sys as sysdba</property>
		<property name="hibernate.connection.password">Password123</property>

		<property name="hibernate.show_sql">true</property>
		<property name="hibernate.format_sql">true</property>
		<property name="hibernate.dialect">org.hibernate.dialect.OracleDialect</property>
		<property name="hibernate.hbm2ddl.auto">update</property>
        
		
		<mapping class="com.hexa.entity.Emp" />
		<mapping class="com.hexa.entity.DtConverter" />
		

	</session-factory>
</hibernate-configuration>

